#{"t_start": 1725421583.407325, "env_id": "VizdoomTakeCover-v0"}
r,l,t
161.0,41,0.48672
481.0,121,0.522576
175.0,44,0.535511
511.0,128,0.580237
117.0,30,0.592423
308.0,77,0.617661
371.0,93,3.376161
183.0,46,3.3907
164.0,41,3.403825
155.0,39,3.414781
488.0,122,3.453898
447.0,112,3.494097
109.0,28,3.503171
293.0,74,3.525187
115.0,29,6.175491
168.0,42,6.18702
111.0,28,6.196376
256.0,64,6.213824
418.0,105,6.243085
364.0,91,6.267114
478.0,120,6.299978
